{
  "project_info": {
    "project_number": "417924057574",
    "project_id": "cartshop-8425f",
    "storage_bucket": "cartshop-8425f.appspot.com"
  },
  "client": [
    {
      "client_info": {
        "mobilesdk_app_id": "1:417924057574:android:64bcfc0746702d7e8e6e27",
        "android_client_info": {
          "package_name": "com.project.cartnshop"
        }
      },
      "oauth_client": [
        {
          "client_id": "417924057574-6pr1c4s4sev5n9bvsqlcdt3dioi8lpq5.apps.googleusercontent.com",
          "client_type": 1,
          "android_info": {
            "package_name": "com.project.cartnshop",
            "certificate_hash": "13e912577789cb43cb090834a949a7db3ef7ca47"
          }
        },
        {
          "client_id": "417924057574-mcerqp7voi88bpv2rqj9irr3pvcc7ml9.apps.googleusercontent.com",
          "client_type": 3
        }
      ],
      "api_key": [
        {
          "current_key": "AIzaSyCZ-TZp0sJ7YCEX17Zl1liFCoyJVvCW_YA"
        }
      ],
      "services": {
        "appinvite_service": {
          "other_platform_oauth_client": [
            {
              "client_id": "417924057574-mcerqp7voi88bpv2rqj9irr3pvcc7ml9.apps.googleusercontent.com",
              "client_type": 3
            }
          ]
        }
      }
    }
  ],
  "configuration_version": "1"
}